Anonymous ID,Q16,Q19_1,Q19_2,Q19_3,Q4,Survey_Model,Survey_NE,AW1,AW2,AW3,AW4,AW5,TM1,TM2,TM3,TM4,TM5,CA1,CA2,CA3,CA4,CA5,TH1,TH2,TH3,TH4,TH5,Q17,Q18,Q5,Q6,Q8,Q9,Q11,Q12,Q14,Q15,Q20_1,Q20_2,Q20_3
1,"Yes, I was present and completed the NFL activity.",3,2,1,"A device that first determines if a team wins or loses the coin flip, and then determines if that team wins or loses the game. ",2,1,8,10,8,9,7,9,8,9,9,9,9,8,8,7,9,9,8,8,9,8,Ours was essentially the same.,Our chosen sampler relates to the personal narrative of the context by keeping the 50/50 fairness that is discussed in the context.,"A singular device that determines the game outcome of the coin-flip winner, win or lose, sampled with replacement.",Functionally ours was the same. ,Very concise. ,"Talking about this solidified the fact that samplers can very very simple yet effective.
","This is very clear, but the second spinner is not necessary in my opinion. ",This supported my learning by showing a different perspective.,I don't like how the game outcome is decided before the coin flip.,Showing this in class supported my learning by expressing the idea that both of the individual outcomes are indeed arbitrary and what matters in the connection between the two.,1,2,3
3,"Yes, I was present and completed the NFL activity.",1,3,2,"A singular device that determines the game outcome of the coin-flip winner, win or lose, sampled with replacement.",3,0,7,5,8,8,7,8,7,7,8,8,7,7,8,8,6,7,7,8,8,9,,think simple,"A device that first determines if a team wins or loses the coin flip, and then determines if that team wins or loses the game.",,"doesn't quite take into account the factor of winning the coin toss, don't like it.",it helped because I was able to understand how others were thinking,"awesome, considers a lot of things",most people agreed,looks reversified but interesting,not quite discussed,1,2,3
4,"Yes, I was present and completed the NFL activity.",3,2,1,"A device that first determines if a team wins or loses the coin flip, and then determines if that team wins or loses the game. ",2,1,#N/A,#N/A,#N/A,#N/A,#N/A,#N/A,#N/A,#N/A,#N/A,#N/A,#N/A,#N/A,#N/A,#N/A,#N/A,#N/A,#N/A,#N/A,#N/A,#N/A,,"I believed that while the odds are all even, to accommodate for potential favorable odds, 2 separate spinners was useful.","A device that first determines if a team wins or loses the game, and then determines if that team wins or loses the coin flip. ",,"I like how it allows us to visualize if the coin flip winner won or lost but I don't like how its so specific, it might be good to be able to get the coin flip losers perspective",It did support my learning because it helped me visualize everything much better,We can easily separate the coin flip and the game outcome but it is trickier to read the data,This was my chosen method as it covered all bases,This has the coin flip and the game outcome flipped which I dont like as it isnt in chronological order.,This would make it harder to visualize the probability,2,1,3
8,"Yes, I was present and completed the NFL activity.",3,2,1,"A singular device that determines a coin flip winner, Team A or Team B, sampled with replacement.",1,0,6,5,7,5,7,9,9,9,9,8,7,8,9,9,9,8,8,9,9,9,It doesn't really function different. ,"I don't particularly know what you mean by personal narrative. Assuming the question is about why I chose the sampler, I chose it because you win the coin flip or lose the coin flip and the odds of that happening in a fair sample shouldn't effect whether or not you win the game, so we really would only need to sample the coin flip (I do realize this reasoning is flawed).","A device that first determines if a team wins or loses the coin flip, and then determines if that team wins or loses the game.",,"It's a simple device that models the data in the way we want it to. We want to see that, out of the coin flip winners, who won the game. I don't particularly like that it automatically assumes that this data is for who one the coin flip, I think it could be handy to see data for who lost the coin flip as well and what their outcome of the game is (even though it can be inferred).","This supported my learning because it makes it clear to me that there is always a coin flip winner so for this simulation, we can just assume a given team won the coin flip and we can then determine if they won the game or not. ","I like how this sample is a little more accurate to the real world: There are coin flip losers. 
On the other hand its a little more complicated of a sampler. ","This supported my learning because I had ideas in my head about what type of data I wanted to collect, (Ie. I wanted to get data on who won and lost the flip and who won or lost the game). This sampler articulated those ideas into a simulation. ","I do like how this is similar to the other one in that it is a joined spinner, I however don't like how we start with the game outcome. Chronologically in the game, the flip comes before the game result. ","This kind of supported my learning. It shows that in a fair system winning or losing the coin flip and winning or losing the game are two independent things, so it really shouldn't matter what goes first: the flip or the result. ",2,1,3
9,"Yes, I was present and completed the NFL activity.",1,2,3,"A singular device that determines the game outcome of the coin-flip winner, win or lose, sampled with replacement.",3,0,10,7,10,9,8,9,9,9,9,10,10,9,9,9,9,8,8,8,8,10,"Our sampler looked like the one selected above, but our labels differed in that they were more specific - for the first spinner it said ""1 Won Toss"" or ""2 Won Toss"" for the team that won the coin toss, for the second spinner it said ""1 Won Game"" or ""2 Won Game"" for the team that won the game.","This sampler effectively covers all four possible broader outcomes - that Team 1 wins both the toss and the game, Team 1 wins the toss but not the game, Team 2 wins the toss but not the game, and Team 2 loses both the toss and the game.","A device that first determines if a team wins or loses the coin flip, and then determines if that team wins or loses the game.","Our labels said ""1 Won Toss"" and ""2 Won Toss"" for the first spinner; our labels said ""1 Won Game"" and ""2 Won Game"" for the second spinner.","What appeals to me is that you can easily see when the coin flip winner wins the game (it's just one section/area). However, in this sampler you can't see which team won the flip and which won the game, which could be important - you can only see whether the coin flip winner won or lost the game.",It helped me by highlighting how sometimes the most basic/simplest samplers only work in very specific scenarios and slightly more complex samplers may be better when trying to track multiple statistics instead of just one.,,,,,,,
11,"Yes, I was present and completed the NFL activity.",3,2,1,,,,3,5,5,5,4,6,5,5,5,5,5,5,5,5,5,5,5,7,7,7,,This is a easier way to visually interpret the data,"A singular device that determines the game outcome of the coin-flip winner, win or lose, sampled with replacement.",,This is easier to observe,This can't lose some results and not achieving the objectives,This is quicker and straightforward way to observe the results,This can lose some objectives of our investigation,Same as the last device,Same as the last device,3,1,2
12,"Yes, I was present and completed the NFL activity.",2,3,1,"A singular device that determines the game outcome of the coin-flip winner, win or lose, sampled with replacement.",3,0,3,3,9,7,5,1,0,0,0,0,5,6,6,6,5,6,4,6,3,4,,"If the original rule is fair, there should only be two outcomes, with each team having a 50% chance of winning or losing. So, a spinner with two options perfectly fulfills that condition.","A singular device that determines the game outcome of the coin-flip winner, win or lose, sampled with replacement.",,"appeal: clean 50/50 model, 428 draws, with replacement
doesnt: oversimplifies, assumes independence and constant p across games","It shows null model (p=0.5), 428 draws with replacement, and how the sampling distribution gives a p-value.","appeal: shows the real sequence, makes conditional probability
doesnt: if both are 50/50 then it would just be redundant",shows the P(win toss ∩ win game),"appeal: shows that if events are independent, order doesn’t change the model
doesnt: backwards from real chronology",shows independence vs. causation,1,2,3
13,"Yes, I was present and completed the NFL activity.",2,3,1,"A singular device that determines the game outcome of the coin-flip winner, win or lose, sampled with replacement.",3,0,#N/A,#N/A,#N/A,#N/A,#N/A,#N/A,#N/A,#N/A,#N/A,#N/A,#N/A,#N/A,#N/A,#N/A,#N/A,#N/A,#N/A,#N/A,#N/A,#N/A,My attribute is the winner of the game.,"The proportion of teams winning and losing the coin flip is always fifty-fifty, so I use the winner of the game as the attribute to let changing the angle of the spinner and simulate a unfair rule become possible.","A singular device that determines the game outcome of the coin-flip winner, win or lose, sampled with replacement.",I still use the winner of the game as attribute.,It simplified the question and lose no information. But I prefer using the winner of the game as the attribute.,"Actually I'm a little bit confused by other devices, since simulating the coin flipping process is meaningless due to the fact that it has to be a fifty-fifty event.",It is too complicated and simulate the coin flip process is unecessary.,It reminds me that there's actually 2 process in this scenario,The devices' order is different from the time order of attribute.,It reminds me that we can simulate it with a perspective of a specific team.,1,2,3
20,"Yes, I was present and completed the NFL activity.",2,1,3,"A singular device that determines a coin flip winner, Team A or Team B, sampled with replacement.",1,0,5,6,4,4,5,6,6,6,6,6,7,7,5,6,6,6,7,6,5,6,,"I first understood it that the grouping could be with winners of coin toss and winning game vs everything else, so just having it be winnning the game v not made sense to have just one spinner for","A device that first determines if a team wins or loses the game, and then determines if that team wins or loses the coin flip. ",Different labels,"I like how it is simple, but I really don't like the naming conventions. Which team is winning the game???",Talking about this spinner helped me understand the importance of properly naming a device,"I appreciate the two spinners for clarity reasons. How each is labeled for either event, coin flip and game outcome. I don't like the naming of the atribures in the device, i think 'team 1' and 'team' 2 is better than Win/Lose",Helped me understand how having multiple spinners can be better for visual representations of sequences of events,"Same as before for why it appeals  - 2 spinners nice for clarity. I do not like how the first spinner is for game outcome, since the coin flip comes before the result of the game.",Helped me understand the importance of having devices be accurate in terms of a timeline of events.,3,1,2
22,"Yes, I was present and completed the NFL activity.",3,1,2,"A device that first determines if a team wins or loses the coin flip, and then determines if that team wins or loses the game. ",2,1,8,8,10,10,8,10,9,9,8,8,9,8,9,9,7,10,8,7,6,10,,two outcomes so two spins,"A device that first determines if a team wins or loses the coin flip, and then determines if that team wins or loses the game.",,same chance to win or lose,let me think more directly,"one team's result in a single game
not seperate",it's my initial thought,same as the last one,different way to solve this question,1,2,3
24,"Yes, I was present and completed the NFL activity.",1,2,3,"A device that first determines if a team wins or loses the coin flip, and then determines if that team wins or loses the game. ",2,1,10,10,10,10,8,8,9,8,8,9,10,10,10,9,10,9,10,9,9,9,/,"Each team has the probability of winning on losing coin toss, and the final result, leading to 4 different outcomes in total.","A device that first determines if a team wins or loses the coin flip, and then determines if that team wins or loses the game.",/,"No, the sampler only simulates the result of coin toss, and without specifically telling which teams win or loss.",It helps me understand the learning. ,It appeals me because it gives four kinds of result. ,It helps me understand the learning. ,,,,,
28,"Yes, I was present and completed the NFL activity.",1,2,3,"A device that first determines if a team wins or loses the coin flip, and then determines if that team wins or loses the game. ",2,1,7,6,7,5,6,4,4,4,4,5,6,4,5,4,5,7,6,6,4,5,-,it first shows whether the coin toss was won or lost and also if the team who won the toss also win the game,"A singular device that determines the game outcome of the coin-flip winner, win or lose, sampled with replacement.",,what appeals me is that it is much more simple and directly tells if the game was won or not. what doesn't is that it comes with an assumption that the coin was a fair one.,it supported because it showed how independent events can be shown. ,"it shows both, the result of the coin toss as well as the game. What doesn't is the titles as it will show win or lose or both of them, team name would have been better.",it did support the learning by showcasing the importance of appropriate titles. ,same as the previous one. ,it supports the learning by showing the imprtance of appropriate titles. ,1,2,3
30,"Yes, I was present and completed the NFL activity.",1,2,3,I did not have a well-formed idea initially,,,#N/A,#N/A,#N/A,#N/A,#N/A,#N/A,#N/A,#N/A,#N/A,#N/A,#N/A,#N/A,#N/A,#N/A,#N/A,#N/A,#N/A,#N/A,#N/A,#N/A,"I started by constructing the spinner to simulate the coin flip, with equal odds of getting heads or tails.  After that, I constructed a mixer with two options, Team Heads and Team Tails. The mixer had equal chances of choosing either team regardless of the coin flip. After the coin was flipped, it would go to the mixer and randomly choose Team Heads or Team Tails to win the game, which incorporates the assumption that no matter what the coin landed on, the team chosen was not dependent on the flip. In the case of my picture, the coin landed on tails and Team Tails won the game.",Independent Sampler. Because description states that the coin flip and the game outcome are completely independent and do not influence each other.,"A singular device that determines the game outcome of the coin-flip winner, win or lose, sampled with replacement.",,"Its clear and direct visualization of a conditional relationship appeals to me, as it efficiently models how winning the coin flip might influence the game's outcome.Its rigid, built-in assumption of dependence does not appeal to me, as it cannot model a scenario where the coin flip and the game result are independent.",Discussing this device supported my learning by providing a concrete example to debate abstract concepts of dependence and independence in probability.,"Its clear two-stage structure visually separates the coin flip and game outcome events, making the sequential probability process easy to understand.The assumption that both stages use fixed 50% probabilities doesn’t appeal to me, as it may oversimplify real-world scenarios where winning the coin flip could influence win likelihood.",Discussing this device supported my learning by reinforcing how layered random processes can model complex events and the importance of questioning probability assumptions.,"Its reverse causal structure appeals to me by challenging conventional assumptions and encouraging deeper thought about probabilistic dependencies.The logical inconsistency of the game outcome determining the coin flip does not appeal to me, as it contradicts real-world sequence of events.","Discussing this device supported my learning by highlighting how model structure shapes interpretation and the importance of aligning probabilistic setups with contextual logic.

",3,1,2
32,"Yes, I was present and completed the NFL activity.",3,2,1,"A device that first determines if a team wins or loses the coin flip, and then determines if that team wins or loses the game. ",2,1,5,8,8,5,7,5,7,6,6,7,4,5,6,6,6,7,6,6,6,7,,The chosen sampler relates to my personal narrative because it makes more intuitive sense for one to be chosen and then the other to be chosen.,"A singular device that determines the game outcome of the coin-flip winner, win or lose, sampled with replacement.",,What appeals to this is that it is simple and is representative of the probability. What doesn't appeal to me is showing both processes of the procedure.,This device supported my learning because it showed how the probability was the same if we did both or one spinner.,This is the sample I used and it appeals because it shows both steps of the procedure. Nothing does not appeal.,This supported my learning because it confirmed my thinking.,Same as previous,Same as previous,2,1,3
37,"Yes, I was present and completed the NFL activity.",2,1,3,"A singular device that determines a coin flip winner, Team A or Team B, sampled with replacement.",1,0,8,8,10,6,9,8,8,6,7,6,8,8,5,8,6,8,9,9,9,6,n/a,"If the overtime rules are already fair, then you could very well also just say that the coin flip outcome determines the winner.","A singular device that determines the game outcome of the coin-flip winner, win or lose, sampled with replacement.",,"I like it, I used it as well.",I think most of the stuff said in class was similar to what my personal rationale was for choosing it.,Seems pointless to do it twice if the whole point of the experiment is that we're testing a world where the coin flip doesn't have any impact on the outcome of the game.,"Nothing that I particularly remember anymore, to be honest lol","Once again, this just seems entirely unnecessary. The coin flip has no bearing out the outcome of the game, supposedly, so why have two flips.",Same as the last page.,1,2,3
38,"Yes, I was present and completed the NFL activity.",3,2,1,"A device that first determines if a team wins or loses the coin flip, and then determines if that team wins or loses the game. ",2,1,9,8,10,8,7,10,10,9,8,6,8,8,5,9,7,8,8,8,10,8,,"I think of the coin toss happening first, and then the outcome of the game.","A device that first determines if a team wins or loses the coin flip, and then determines if that team wins or loses the game.",It was the same.,"It is very simple, but it doesn't align with my thought process so for me it would be a little hard to follow.",It did because it opened up a new way of thinking for me.,I like this one because it is simple while also keeping aligning with my thought process.,"It did, because I had to think of it mysef.","I didn't like this because it has the game outcome first, and that isn't really what happens in real life.",It didn't really because it was just confusing for me.,2,1,3
39,"Yes, I was present and completed the NFL activity.",1,2,3,"A device that first determines if a team wins or loses the coin flip, and then determines if that team wins or loses the game. ",2,1,8,4,8,8,6,9,9,9,10,7,9,8,6,9,8,7,7,9,7,7,,"I first thought about the variables of ""winning/losing"" and ""ball/no ball"" as separate values with equal importance. While they are both important, there is no need to roll for ball/no ball because you can focus solely on the outcome for the team who received the ball.","A singular device that determines the game outcome of the coin-flip winner, win or lose, sampled with replacement.",,It is very simplistic for the study of focus. The only issue is that it can not capture every possible outcome for every possible team.,It supported my learning because it made me think about sampling in a more simplistic and straightforward way.,It captures possible outcomes of the game but it is unnecessarily complex.,Talking about this device made me realize the first spinner was redundant.,It captures possible outcomes of the game but it is unnecessarily complex.,-,2,1,3
42,"Yes, I was present and completed the NFL activity.",1,2,3,"A singular device that determines a coin flip winner, Team A or Team B, sampled with replacement.",1,0,10,10,10,10,10,10,9,9,9,9,10,9,10,9,10,8,10,10,9,10,"Our sampler had three different spinners. The first one was split into Team 1 and Team 2, indicating which team won the coin toss. Then if Team 1 won then it branched off into another spinner split into Win or Lose, indicating if they won or lost the game. If Team 2 won then it branched off into another spinner split into Win or Lose, indicating if they won or lost the game.","This relates to my personal narrative of the context because it keeps track of both the outcome of the coin flip and the outcome of the game, therefore seeing if there is a relationship between the two.","A device that first determines if a team wins or loses the coin flip, and then determines if that team wins or loses the game.",The sample we chose for 4B was similar to above except the first spinner was split into Team 1 and Team 2 instead of Win and Lose.,"I like this sample because it is a lot simpler and more concise. We don't really care about the coin flip loser's outcome, we only care about the coin flip winner's outcome. This then takes the coin flip loser out of the scenario and only focuses on the coin flip winner (which is all that we care about). ","Talking about this device supported my learning in class because before this sample was introduced to me, I didn't think of it nor did I think that the sampler I chose could be simplified any more.","I like that it is easy to follow in terms of if you won the coin toss and won the game, lost the coin toss and won the game, etc. I don't like how both spinners are split into Win and Lose because I think it can be confusing when looking at the outcomes (which Win indicates winning the coin toss versus winning the game).",This device supported my learning in class by showing me examples of samplers that are good but can be confusing or have things that you can tweak to make it a better sampler.,I don't like this sampler because it confuses me how the Game Outcome spinner comes before the Coin Flip spinner. This seems backwards to me and I don't see the purpose because it is the opposite of what we are trying to study.,"We didn't really dig that deep into this specific scenario, but what we did talk about supported my thoughts of confusion.",1,2,3
43,"Yes, I was present and completed the NFL activity.",2,1,3,"A device that first determines if a team wins or loses the coin flip, and then determines if that team wins or loses the game. ",2,1,7,7,7,8,7,7,6,7,7,6,7,6,6,6,5,7,7,7,7,5,,"Assuming the winner of the coin flip does not have an advantage, we did a 50/50 sampler for the coin flip and the game.","A device that first determines if a team wins or loses the coin flip, and then determines if that team wins or loses the game.",,"I like how simple it is. Just one 50/50 sampler because we just need to sample whether or not the winner of the coin flip won the game. However, I wanted to see the ""full results"" so that I could compare each outcome.","I didn't really think about this model until we talked about it, so it helped me kind of focus on what we're actually trying to measure with our samplers.","This method was my first intuition. I think one thing I would fix is the labels; just the words win, lose, win, lose would come out to be very confusing.",I was relieved to see that others had the same intuition.,"It's similar to the double sampler method we used, but this time we sample the game outcome before the coin flip. That basically is the same thing, but I don't like how it's not in an intuitive order.",I don't really remember talking about this version in class.,2,1,3
46,"Yes, I was present and completed the NFL activity.",2,1,3,,,,7,8,8,8,8,8,8,8,7,7,7,8,9,8,7,8,8,8,8,8,"My sampler was the same as the third one, but for both spinners the variables were labeled ""Team 1"" and ""Team 2"" instead ""Win"" or ""Lose.""","My chosen sampler has two evenly split 50/50 spinners, one specified for the coin flip and one for the game outcome/game winner. Coin flips are expected to be fair, and either outcome of tails or heads should have a 50% chance of landing, therefore, each team should have a 50% chance of winning the coin flip. I then connected the game outcome spinner to the coin winner spinner so that once the coin winner appeared, the game winner would appear (unrelated to the coin winner though). The branch between the coin winner and game outcome is purely for convenience to get both outcomes at the same time, and these two spinners are practically independent from each other (because I am testing the idea that there is no advantage when winning the coin toss). The game outcome/game winner is also set up with a 50/50 split to show a fair split and probability for each team’s chances of winning. 
I liked labeling the variables for both the coin winner sampler and game winner sampler as Team 1 and Team 2 because I can see which team won the coin flip and which team won the game. 
","A device that first determines if a team wins or loses the coin flip, and then determines if that team wins or loses the game.","Again, the labels for the variables were different (Teams instead of Win/Lose)","I didn't like this sampler. Although yes, it makes sense to the context that the coin flip and the game outcomes are independent and that winning the coin flip should give no advantage, I think the sampler should still include another spinner for the coin flip outcomes to give more context to our specific situation. If you use this sampler when presenting your data/results, it might be confusing (if you were just looking at the sampler, you would never even know that we are studying whether or not flipping a coin correlates to winning the game).",Talking about this device did help me see how this technically does work as a viable device for our situation. I never thought about the idea that you don't need two separate spinners if coin flips and game outcomes are independent from each other.,"I like how it is clear; the coin flip outcome is revealed, and then the game outcome is revealed. It is clean and gives us a good visual to the situation at hand. I don't like the labels though. Having it simply be ""team 1"" and ""team 2"" is better, given that we can clearly see which team both won the coin toss and game.",Talking about the device in class was helpful in understanding my preference in samplers like this that are strong representations of the situations at hand.,"It's fine, but I don't love how the game outcome comes before coin flip. It doesn't really matter what order they are in, but I just find this a bit confusing.",I don't remember talking about this device in class.,3,1,2
48,"Yes, I was present and completed the NFL activity.",1,2,3,"A device that first determines if a team wins or loses the coin flip, and then determines if that team wins or loses the game. ",2,1,6,9,9,8,6,6,5,8,9,6,8,6,4,5,5,6,7,7,7,7,,We were supposed to design the chances of winning the game in OT without having the coin winning team to have an advantage of winning,"A device that first determines if a team wins or loses the coin flip, and then determines if that team wins or loses the game.",,"What appeals is the equal chance of both teams winning no matter who won the coin toss. However, I wish we can see another sampler that says which team won the coin toss to make the trials more realistic",It did support my learning since this created a model that does exactly what the question asked them to do but there is more than one spinner though,What appeals for me is that we get to see if the team won the coin toss or not and we can also see if they won for the game outcome,This didnt support my learning in class because I still wish we can differentiate the teams instead of having multiple win lose sampler or like change the text to Team 1 and 2 in my opinion,"What doesn't appeal is that this model is done out of order and normally, the coin flip happens first before the outcome of the game",It didn't support our learning a ton since there are better ways to realistically model this ,2,1,3
49,"Yes, I was present and completed the NFL activity.",1,2,3,"A device that first determines if a team wins or loses the coin flip, and then determines if that team wins or loses the game. ",2,1,8,8,8,5,8,3,3,3,3,3,4,5,5,5,3,8,6,8,8,8,,It allows equal random chance for either game to win the coin toss and the game overall.,"A device that first determines if a team wins or loses the coin flip, and then determines if that team wins or loses the game.",,"It provides equal random chance to either team to win the coin toss, much like a real-life situation. However, it does not allow a perfectly equal simulation of which team wins or loses the overall game, which is an attribute we are interested in, in this activity.","This device resulted in making me more confused, because I do not understand how someone might derive game winning results from just this model.","This device struck out to me because it shows both equal random chance of winning a coin toss and the overall game for both teams, in the consequential order that this would occur in real life situations.","I felt decently confident with this device before discussing it, but after I felt more confident. We discussed how it would display no advantage. I did get confused later in class when it was mentioned that real life situations would not emulate the data outcomes, and I still do not understand this segment of the activity.","This sampler is very similar to the previous in that it provides possible data for both game outcome and coin toss winners. However, I did not think about this set up as it does not follow the same sequence as a real-life scenario.",I do not recall discussing this specific organization in class.,3,1,2
50,"Yes, I was present and completed the NFL activity.",2,1,3,"A singular device that determines the game outcome of the coin-flip winner, win or lose, sampled with replacement.",3,0,9,7,9,9,9,8,8,8,9,9,8,9,9,9,8,9,8,8,9,6,,"Our narrative in my group was that the 1 sample method is simpler and just as accurate as we assume the team has already won the coin flip, so we just exclude one of the steps.","A singular device that determines the game outcome of the coin-flip winner, win or lose, sampled with replacement.",,"The simplicity and ease of understanding really appeals to me. Still, the thing that doesn't appeal to me is that it could be a bit too simple for a really comprehensive statistical analysis.",It did support my learning as talking about it made me think about more by myself instead of just doing whatever I saw on the boards.,There being two samplers makes it seem like a more thorough way for analysis but I think having the coin flip sampler doesn't matter as it's a extra step compared just having the game outcome sampler,It still did help my learning as at first I thought it was a better way but think and talking about it more made me choose the 1 sampler option,It does not appeal to me as it is the same thing as the last one but having the game outcome first doesn't visually appeal to me,"Same as the alst one as I automatically thought it was better at first because it had the second sampler, I realized I preferred the first one after thinking and talking about it",1,3,2
51,"Yes, I was present and completed the NFL activity.",2,1,3,"A device that first determines if a team wins or loses the coin flip, and then determines if that team wins or loses the game. ",2,1,8,8,8,8,9,9,9,9,8,8,8,8,8,9,10,8,7,9,9,9,My sampler did not. ,"My chosen sampler relates to the narrative by showing the outcome of a team that wins or loses a football game, and then whether that team won or lost the game based off starting with the ball first in overtime. My sampler showed there was no advantage towards either side. ","A device that first determines if a team wins or loses the coin flip, and then determines if that team wins or loses the game.",,This sampler appeals to me because it accurately portrays a 50/50 chance of winning or losing the game. What does not appeal is that the title is that they are only portraying the team that won the coin flip. ,Talking about this device supported my learning by allowing me to understand how to accurately portray a real life example in tinkerplots. ,"Everything about this sampler appeals to me because it accurately portrays everything in the NFL example correctly. 428 repeat, draw 2, and then the two outcomes of the coin flip and winning the game. ",Talking about this device allowed me to make a real life example in class and understand how to do other examples when needed. ,"This device at first glance does appeal to me, besides having the outcome of the game being ran first, which is not correct because then it gives no significance to the coin flip outcome.",This device does not support my learning because it is a wrong representation of the NFL example. The titles must be flipped in order to be correct.,3,1,2
53,"Yes, I was present and completed the NFL activity.",1,2,3,"A device that first determines if a team wins or loses the coin flip, and then determines if that team wins or loses the game. ",2,1,6,8,8,5,4,6,8,8,7,7,9,4,5,8,7,7,5,8,6,7,"I had two spinners branched off from the initial coin flip one, each branch represented the coin flip outcome and then led to another 50/50 spinner to determine if the team won the game.","It relates to my personal narrative because I hypothesized that the team, regardless of the outcome of the first spinner, should each have an equal chance at winning the game. ","A device that first determines if a team wins or loses the coin flip, and then determines if that team wins or loses the game.","My sampler had two branches going to two spinners. I realize now it was redundant, but it had a 50/50 spinner connected to each outcome of the coin flip.",It appeals to me because it is very simple and does not have branches of more spinners. It does not appeal to me because I would have to keep in mind the assumption that the team already won the coinflip.,It supported my learning because it showed me the importance of considering assumptions that came with certain samplers. It also opened my eyes to the possibilities of reducing the number of spinners if you already predetermine a certain outcome. ,This sampler appeals to me because it fits the logical timeline of how these events would happen. It does not appeal to me because I feel like the labels on the spinners themselves could be more detailed to make data observation easier and less confusing later on.,"It supported my learning because in class we walked through how having a branch for each initial outcome was redundant since the probability for each both options were going to be the same. I learned that the purpose of different branches is really to model when there are different probabilities for outcomes, but if they are the same you can combine them into one. ","This sampler appeals to me because it has two different samplers, one for each event. I think having two samplers and no initial assumptions make data observation easier in the long-run, However, the order the spinners are in does not appeal to me because it goes against the logical procession of events in reality. ","Talking about this device supported my learning in class because I found that this sampler is pretty much the same as the last one, it just depends what order makes the most logical sense to you. I also learned the same thing that I previously mentioned for the last sampler, where a second branch for an outcome with the same probability is useless.  ",3,1,2
54,"Yes, I was present and completed the NFL activity.",3,2,1,"A device that first determines if a team wins or loses the coin flip, and then determines if that team wins or loses the game. ",2,1,9,8,9,9,8,9,8,8,8,7,8,9,9,9,9,8,9,8,8,9,,"Because we were told to simply check whether the coin toss resulted in a team winning/losing the game, our model just had two 50/50 spinners for whether the coin toss was won or lost by a team. ","A device that first determines if a team wins or loses the coin flip, and then determines if that team wins or loses the game.",we had the labels as team 1 or team 2 not win or lose,It is simple and is easily able to show whether both the coin flip and game were won or not.,It was able to represent how labelling of our samples is important and how simple solutions with accurate labels may be more effective than more complex samplers with poor labels. ,"It shows both the coin flip and game outcome with equal 50/50 chances of win/lose, but it is harder to see whether both the flip and game were won or not. ",It showed how vague labels can sometimes be detrimental to the sampler since it is harder to see the outcome we see as important.,"It also shows the equal chances of both winning the game and winning the coin flip, but does so less accurately as the game outcome is decided before the coin flip, although it shouldn't affect the results of the sample. ",did not talk about,1,2,3
55,"Yes, I was present and completed the NFL activity.",1,2,3,A single device that determines the coin flip/game winner based upon a 56% chance.,1,0,8,6,10,8,3,5,6,10,7,8,7,3,7,8,3,8,3,10,7,3,,Because team who won the coin flip have the probability of 56 to win the game. ,"A singular device that determines the game outcome of the coin-flip winner, win or lose, sampled with replacement.",,Because it looks simpler and  is clear to see the result. ,Winning or losing the coin flip have the same probability. And both team will got equal probability to win the game. ,It has two draws which looks sophisticated. ,The device has two draws which correspond to two outcomes: winning the coin flip and winning the game. ,It shows the probability of winning both game is 50 percent. ,Two draws correspond to the winning coin flip and winning the game. ,1,2,3
57,"Yes, I was present and completed the NFL activity.",3,2,1,"A singular device that determines the game outcome of the coin-flip winner, win or lose, sampled with replacement.",3,0,7,7,8,7,5,7,8,7,7,7,8,7,7,7,8,7,6,7,6,7,,The person who wins the coin toss gets to serve first. The probability of winning the game in the competition is also 50%.,"A device that first determines if a team wins or loses the coin flip, and then determines if that team wins or loses the game.",,"This device is very simple and easy to set up or operate. However, this sampler neglects the probability of flipping a coin.","Because I had written it that way before, it helped my learning and enabled me to understand the pros and cons of this method.","He has covered the probabilities of flipping a coin and the probabilities of the game very comprehensively, and the results are also very intuitive. This model is a little bit complicated.","This is the revised plan I came up with. It transformed my previous simple plan into this more comprehensive one, which has been beneficial to my learning.","This device covers a wide range of aspects, including both the results of the coins and the results of the competitions. However, it presented the results of the competitions first, followed by the results of the coins. This did not follow the order specified in the question.",Help me to better understand the thoughts of other classmates.,2,1,3
60,"Yes, I was present and completed the NFL activity.",2,3,1,"A device that first determines if a team wins or loses the coin flip, and then determines if that team wins or loses the game. ",2,1,4,2,7,1,7,8,6,6,8,8,9,7,1,6,7,6,7,5,8,3,,there's a 50/50 for the coin toss then a 50/50 for the game,"A device that first determines if a team wins or loses the coin flip, and then determines if that team wins or loses the game.",,"It's really simple, but data collection of the loosing team is a little harder to collect, needing calculations.",It gave another way of thinking about it,"It's easy to understand, but labeling could get confusing with win/lose options",it led to a better understanding of how labels are important,"it's about the same as the other one, just game_outcome and coin_flip are switched.","since it's not deterministic on one or the other factor  in this trial, it doesn't matter which way they are arranged.",3,1,2
61,"Yes, I was present and completed the NFL activity.",3,2,1,"A device that first determines if a team wins or loses the coin flip, and then determines if that team wins or loses the game. ",2,1,8,8,9,7,5,6,6,8,5,8,6,6,7,6,5,6,6,7,4,8,,The sampler that I chose represents how I understand the context,"A device that first determines if a team wins or loses the coin flip, and then determines if that team wins or loses the game.",,What appeals me is that it's really simple and clear.,"It helps me understand that two events are independent, the result of one events does not affect the other.",What appeals me is it shows the chance of winning coin flip and winning the game.,It support my learning in class because this sampler shows my thought process.,"What doesn't appeals me is this sampler switch place for game_outcome and coin_flip, which is the opposite of how my brain process the information.","I helps me understand that these two events are independent, because although the sequence is changed the result of the two event will not be affected by each other.",3,1,2
62,"Yes, I was present and completed the NFL activity.",1,3,2,"A device that first determines if a team wins or loses the coin flip, and then determines if that team wins or loses the game. ",2,1,5,5,5,3,5,7,7,9,8,6,7,8,7,9,7,6,5,5,8,6,,"I think we first wanted to determine if our team won or lost the coin flip, and secondly if that team won or lost the game.","A singular device that determines the game outcome of the coin-flip winner, win or lose, sampled with replacement.",,,,,,,,,,
63,"Yes, I was present and completed the NFL activity.",1,2,3,"A device that first determines if a team wins or loses the coin flip, and then determines if that team wins or loses the game. ",2,1,8,9,7,7,7,7,6,7,6,5,5,8,7,6,5,6,8,5,6,7,It does not differ ,"There is an equal likelihood or winning or losing, whether it is about the coin flip or the game outcome.","A device that first determines if a team wins or loses the coin flip, and then determines if that team wins or loses the game.",It does not differ ,"Appeal - there are two possibilities made possible by the spinner
Doesn't appeal - there is only one spinner
",The spinner above was one step towards finding the outcome of a coin-flip winner but not the only way,Appeal - there are two spinners and both have win/lose possibilities,This device  helped in analyzing whether or not a team winning a coin flip would be more or less likely to also win the following game.,"Appeal - there are two stacks with two possibilities  each 
Doesn't appeal - game outcome is before coin flip",This device did not support my learning in class because our results were not analyzed in the way shown above ,2,1,3
64,"Yes, I was present and completed the NFL activity.",2,1,3,"A device that first determines if a team wins or loses the coin flip, and then determines if that team wins or loses the game. ",2,1,7,10,5,7,8,8,7,10,10,10,6,8,8,9,8,7,8,7,7,10,It did not differ,It is the most accurate with more information,"A device that first determines if a team wins or loses the coin flip, and then determines if that team wins or loses the game.",,It is too simple and people does not provide information. The advantage is it runs faster due to not having to run extra simulation,It gave me a different perspective,It gives a lot of information. It however uses an extra spin everytime,It was the method i used and it made it easy to sort the data,I did not like the fact that people can get confused while using it,It was an interesting approach and taught me a different way it could be made,1,2,3
65,"Yes, I was present and completed the NFL activity.",1,2,3,I did not have a well-formed idea initially,,,8,8,7,7,7,7,5,6,7,7,8,7,8,7,7,8,7,9,8,8,My sampler was a spinner with win and lose for the coin flip which then connected to two different spinners that then determined win or lose for the actual game.,Based on whether or not the team won or lost the coin flip it then went to the chances of that team winning or losing the game.,"A singular device that determines the game outcome of the coin-flip winner, win or lose, sampled with replacement.",,You only need to find out the percentage of teams that win the game that also won the coin flip. A team always wins the coin flip so you can just assume the spinner to determine win or lose for the game is for the team that won the coin flip. It makes everything a lot simpler to keep track of.,I realized you don't need to actually keep track of the team who wins or loses the coin flip which makes things a lot easier. ,This sampler shows both if the team that won/lost the coin flip won or lost the game but it is not necessary to keep track of both together and it can be confusing because lose-lose is the same thing as win-win.,When discussing this in class I realized it was harder to keep track of which is what led me to chose a much simpler sampler.,It keeps track of both who won the coin flip and who won the game which is not necessary to keep track of and also makes it harder to keep track of. ,I realized it is harder and not necessary to add the extra spinner which led me to only using one. ,1,2,3
68,"Yes, I was present and completed the NFL activity.",3,1,2,"A device that first determines if a team wins or loses the coin flip, and then determines if that team wins or loses the game. ",2,1,#N/A,#N/A,#N/A,#N/A,#N/A,#N/A,#N/A,#N/A,#N/A,#N/A,#N/A,#N/A,#N/A,#N/A,#N/A,#N/A,#N/A,#N/A,#N/A,#N/A,,We thought that that sampler was easiest to visualize ,"A device that first determines if a team wins or loses the coin flip, and then determines if that team wins or loses the game.",,The labels appeal to me but I would like it better if it used two spinners. ,This did support my learning as it assured me that I was on the right track as well as informed me of other ways to get the same results.,I like the drawn out visual of both the coin flip occurring and the game occurring. ,This did support my learning in class as this was the sampler we chose. ,I like how they use two spinners but I don't like how the game spinner is first and the coin spinner is second. ,This did support my learning as the order doesn't matter but I prefer the coin flip first ,2,1,3
70,"Yes, I was present and completed the NFL activity.",2,1,3,"A device that first determines if a team wins or loses the coin flip, and then determines if that team wins or loses the game. ",2,1,#N/A,#N/A,#N/A,#N/A,#N/A,#N/A,#N/A,#N/A,#N/A,#N/A,#N/A,#N/A,#N/A,#N/A,#N/A,#N/A,#N/A,#N/A,#N/A,#N/A,,I think it will be very easy to do the test this way.,"A device that first determines if a team wins or loses the coin flip, and then determines if that team wins or loses the game.",,"I think it is clear to set the data and the repeat and the draw numbers. However, it might be some what confusing about how to input the data.",It supported my learning as I learned how to actively input the data and the scenario.,"It is easier to see the data. However, it is somewhat confusing.",It helped my learning as it gives me an idea of the situation.,It is easier to set for the draw.,"It supported my learning as it is clearer. However, not to the same extent as the previous ones.",3,2,1
71,"Yes, I was present and completed the NFL activity.",1,2,3,"A singular device that determines the game outcome of the coin-flip winner, win or lose, sampled with replacement.",3,0,8,7,8,8,8,9,4,5,8,4,7,6,7,7,7,7,4,6,7,9,it it worked without replacement the entire prediction would not be complete. ,"I believe since we only care about the coin toss winner, it is only natural to focus on that team, using a simple spinner win or lose makes it easier to track the data","A singular device that determines the game outcome of the coin-flip winner, win or lose, sampled with replacement.",,"I think it looks great, there is a 428 repeats for every single game, there is an attribute of coin flip winner and spinner with win or lose the game. ",I think it supported my learning because it made me understand how to use tinker plots to make my job easier and in many times there isn't a need for over complications. ,It is takes time to understand the data given which is time consuming with 428 repeats. ,"this was my first prediction of how to solve the problem, however I opted for a simpler option to avoid any confusion. ","It doesn't appeal to because the dependent should be the win or loose the game, not the coin flip. ",It didn't provide the straightforward information from the data,1,2,3
73,"Yes, I was present and completed the NFL activity.",1,3,2,"A singular device that determines a coin flip winner, Team A or Team B, sampled with replacement.",1,0,#N/A,#N/A,#N/A,#N/A,#N/A,#N/A,#N/A,#N/A,#N/A,#N/A,#N/A,#N/A,#N/A,#N/A,#N/A,#N/A,#N/A,#N/A,#N/A,#N/A,Didnt,"value simplicity, didnt really think of re-writing once initially executed","A device that first determines if a team wins or loses the game, and then determines if that team wins or loses the coin flip. ",two spinners,the simplicity,"didnt, we didnt talk",Same as ours,"same as ours, good to see that other people also did the same","different from ours, more complex",liked our solution more since it was simpler,1,3,2
74,"Yes, I was present and completed the NFL activity.",1,3,2,"A device that first determines if a team wins or loses the coin flip, and then determines if that team wins or loses the game. ",2,1,8,8,9,7,9,8,8,7,8,7,8,9,7,8,9,8,8,9,8,8,It wasn't,There were two opportunities to win or loose and so we sampled two times,"A singular device that determines the game outcome of the coin-flip winner, win or lose, sampled with replacement.",It did not,I like that they only used one spinner to estimate specifically those who won the coin flip,It did support my learning because I was able to visualize it better,I do not like that they sampled twice because it makes it more confusing to analyze the results.,It supported my learning by helping with visualization,I do not like that it uses two spinners,It helped me visualize the scenario better,1,3,2
75,"Yes, I was present and completed the NFL activity.",3,2,1,"A device that first determines if a team wins or loses the coin flip, and then determines if that team wins or loses the game. ",2,1,5,6,7,4,5,7,7,7,7,5,2,4,7,4,7,6,7,5,7,7,,"The first spinner is the coin toss and demonstrates either winning the coin toss or losing the coin toss, and there is a 50% chance for the coin toss. The second spinner demonstrates whether the team that won the coin toss won or lost the game, and there is still a 50% chance of the team winning or losing the coin toss to win the game. ","A device that first determines if a team wins or loses the coin flip, and then determines if that team wins or loses the game.",,"This sampler appeals to me because since it only has 1 spinner, it is much more cleaner and simpler. However, something that doesn't appeal to me is that if you don't read the spinner carefully, it could be confusing because there is nothing that demonstrates the coin toss. ",This supported my learning in class because it gave me another way to make my sampler in a way that didn't cross my mind at the beginning. ,"This was my favorite sampler and the one I used for the activity. I think this sampler demonstrates the activity clearly, with a clear spinner for the coin toss and a clear spinner for the game. The one thing I would change about this sampler is instead of having ""win"" and ""lose"" for the names, make the names ""team 1"" and ""team 2"" to show more clearly who won the coin toss and who won the game. ","This supported my learning because this was the device I thought of before the class discussion, so the discussion supported my thoughts. ","This sampler is similar to the one before, so I like the similar aspect it has. However, I don't like how the game outcome is before the coin toss. ","It helped because it gave another perspective, but also this sampler I think just brings more confusion because it is so similar to the past one but I don't like how the game outcome is first. ",2,1,3
76,"Yes, I was present and completed the NFL activity.",2,1,3,"A device that first determines if a team wins or loses the coin flip, and then determines if that team wins or loses the game. ",2,1,5,3,8,6,8,3,4,9,7,4,8,9,6,9,9,9,8,8,8,7,,It gave just enough information without it being too cluttered or too simplisctic.,"A device that first determines if a team wins or loses the coin flip, and then determines if that team wins or loses the game.",,"Its the most simple model. It will get the job done, but understanding it conceptually can be a bit difficult","I didn't initlally think of making such a barebones model, the discussion in the class opened my mind to the possibility of reducing the problem down to its core.","This is the model that closest resembles the one that I chose. It has just enough information so that it is easily understandable, while being pretty quick to run as well","The discussion in class suggested one possible improvement to further improve the legibility of the model : replacing the Win and Lose labels to Team1 and Team2 labels to eliminate the possible pitfall of incorrectly assuming that win, win was the only favourable case","I don't like the ordering of the two events. While it does make sense in some way to put the game before the coin toss, it isn't the situation would play out in reality, and it puts a conceptual block",we didn't discuss this specific model in the class,2,1,3
77,"Yes, I was present and completed the NFL activity.",1,2,3,"A singular device that determines the game outcome of the coin-flip winner, win or lose, sampled with replacement.",3,0,6,7,8,7,8,5,8,7,7,5,7,8,7,6,8,6,8,6,9,6,N/A.,"My chosen sampler relate to my personal narrative of this context, as I choose to simplify what the question is talking about and approach with the easiest way possible. ","A device that first determines if a team wins or loses the coin flip, and then determines if that team wins or loses the game.",,"It appeals to me as it has the general idea of coin flip winner, but did not consider the team to win/lose after the coin flip. ",Talking about this device supported me as it gave me the basic step to start making  tinkerplot models to accurately copy the situation with fairness. ,,,,,,,
79,"Yes, I was present and completed the NFL activity.",3,2,1,"A device that first determines if a team wins or loses the coin flip, and then determines if that team wins or loses the game. ",2,1,10,7,8,7,9,9,8,10,8,7,9,8,10,9,7,7,8,9,7,10,it functioned the same.,It relates because it shows how winning the coin flip correlates to winning or losing the game.,"A device that first determines if a team wins or loses the coin flip, and then determines if that team wins or loses the game.",,The sample doesn't show the odds of winning the coin flip.,Talking about this device didn't support my learning in class because the sampler was wrong.,The sampler is good.,It helped a lot.,Wrong sample,bad.,2,1,3
80,"Yes, I was present and completed the NFL activity.",2,1,3,"A singular device that determines the game outcome of the coin-flip winner, win or lose, sampled with replacement.",3,0,8,9,8,8,8,8,7,8,8,8,8,8,8,7,8,8,7,8,8,8,It didn't.,"I'm only concerned with the winner of the coin toss. So given that I'm looking at the winner of the coin toss, did they win or lose?","A singular device that determines the game outcome of the coin-flip winner, win or lose, sampled with replacement.",It didn't.,"Appeals: simple, straightforward
Doesn't: doesn't tell me which team won the coin toss.",Talking about this device helped me solidify the concept that we only care about who wins the coin toss.,"Appeals: better depiction of 2-stage scenario: coin toss and then game outcome
Doesn't: kind of clunky, too complex, can be simpler","Talking about this device again helped me solidify the concept that we are only concerned with who wins the coin toss, so we don't really need the coin_flip spinner.","Appeals: Not much really
Doesn't: it doesn't reflect the situation accurately: we want to know the result of the coin flip first, then, looking at who won the flip, if they won the game.",Talking about this device helped me better understand the situation that I was simulating.,1,2,3
83,"Yes, I was present and completed the NFL activity.",1,2,3,"A device that first determines if a team wins or loses the coin flip, and then determines if that team wins or loses the game. ",2,1,9,5,3,9,6,8,7,5,6,8,3,1,4,6,2,6,6,9,6,6,"We just had different labels like win coin toss and lose coin toss, otherwise it was the same. ","The sampler represents a two-step random process: first a coin flip, then a game outcome. This relates closely to my experience as a basketball player. Before each game, there’s a jump ball to decide who gets the first possession. It doesn’t determine the game, but it can set the tone. In the same way, this sampler shows that while chance (like the coin flip) plays a role, the final outcome (winning or losing the game) still depends on performance and effort.","A singular device that determines the game outcome of the coin-flip winner, win or lose, sampled with replacement.",Since regardless either thing had 25% chance of win and there were 2 win and 2 losses it was anyways 50/50%. ,"It's simple and easy to understand, covering the major requirements. ",Talking about this device helped me understand that this model works perfectly well. ,This has 2 separate wheels making it a bit more complicated to understand and you don't get to know which team wins. ,It showed how clear labelling and sometimes excessive collection may not be favorable. ,"It doesn't tell which team wins, but it does the job and gives a fair model. ",It helped me learn how to understand that a model may work but not be clear in its labelling. ,3,2,1
84,"Yes, I was present and completed the NFL activity.",3,2,1,"A singular device that determines the game outcome of the coin-flip winner, win or lose, sampled with replacement.",3,0,9,7,10,8,9,9,10,9,8,8,8,8,8,8,8,9,9,9,7,7,,I wanted to see how the winning team would perform as I have seen before winning teams often be the ones who won the coinflip. ,"A device that first determines if a team wins or loses the coin flip, and then determines if that team wins or loses the game.",,It seems simple but it does not account for the coinflip. ,Talking about this showed how we need to care about the coinflip too. ,"It is sequential in the way games normally are and accounts for both the coinflip and winning or losing, but may lack a little simplicity. ","This device in my opinion was optimal so we chose it, and talking about it helped me plan future samplers. ",Both the coinflip and the winner or loser being accounted for appeals to me but it not being sequential in the way games are does not. ,This device showed how everything could be accounted for but a better device is still possible. ,3,1,2
85,"Yes, I was present and completed the NFL activity.",1,2,3,"A device that first determines if a team wins or loses the coin flip, and then determines if that team wins or loses the game. ",2,1,9,9,9,7,9,5,5,6,5,6,6,10,7,8,7,7,7,8,9,10,,"I imagined this activity as 2 steps: first the coin flip, then the game win, so I chose to have 2 samplers with each representing a step.","A device that first determines if a team wins or loses the coin flip, and then determines if that team wins or loses the game.",,"I like how simple it is, but I also dont like how it is just one spin for 2 different win/lose scenarios.","It supports the idea we learned of how no advantage would give everything 50/50 chance, but it also is too condensed to where it is no longer very informational.","I feel like this was a very straightforward approach to the situation, so I like how easily it can be interpreted.","It supported the idea of first flipping a coin, and then finding out which team won/lost the game. ",I do not like how it is mirrored since the coin flip should come before the game win/loss.,"It still has the same idea of the chances being 50/50, but I feel like it is backwards of what it should be.",2,1,3
91,"Yes, I was present and completed the NFL activity.",1,2,3,"A device that first determines if a team wins or loses the coin flip, and then determines if that team wins or loses the game. ",2,1,8,10,9,5,8,7,7,6,7,7,4,6,7,8,8,9,9,9,9,8,,We wanted to take the most straight forward approach. There would be a winner and loser for each thing and both were 50% outcomes. ,"A singular device that determines the game outcome of the coin-flip winner, win or lose, sampled with replacement.","We used one spinner with a draw two, the first ""coin flip"", the second ""game"". The spinners were split into team 1 and team 2. Whichever the spinner landed on represented that team winning the respective category. The repeat was 428 to represent each game that went overtime.",I like how one outcome is already set and therefor only uses one spinner. It could be improved by using team 1 and team 2 labels instead of win and lose.,"I hadn't thought of this sampler. At first it didn't make sense to me, but as it was explained I saw how this would work.",This seems straight forward and makes the most sense in my head. I think how it only uses two spinners as well. I think it could be improved by changing the labels to team 1 and team 2.,"This was the approach I did at first, it was validating to see my solution was correct.",I like how it is only two spinners and follows the path of logic I first thought. I think it could be improved by changing the labels to team 1 and team 2 instead of win and lose.,This affirmed my thinking. ,2,1,3
93,"Yes, I was present and completed the NFL activity.",1,3,2,"A device that first determines if a team wins or loses the coin flip, and then determines if that team wins or loses the game. ",2,1,10,10,10,10,10,6,7,6,6,5,7,10,10,10,10,7,10,10,10,10,N/A,I personally thought of it as 2 chances of a 50/50. The first one decided the winner of the coin toss and the second one decided the winner of the game. ,"A device that first determines if a team wins or loses the coin flip, and then determines if that team wins or loses the game.",N/A,It is 50/50 and represents the odds of the game winning but does not address the coin toss.,This made me realize my spinner with the single branch and another spinner that decided the winner of the coin toss was correct and made sense. ,It addressed all components of the simulation (winner of game and coin toss).,N/A this was my original idea ,The labels are well written ,The spinner labels were more clear than mine and I changed mine after discussing this device,3,1,2
94,"Yes, I was present and completed the NFL activity.",1,2,3,"A device that first determines if a team wins or loses the coin flip, and then determines if that team wins or loses the game. ",2,1,9,8,7,9,8,8,7,10,8,9,8,8,9,9,9,8,8,8,8,9,,"IT makes sense to see which team won the coin toss, and then which team as a result of that won the footbal game.","A device that first determines if a team wins or loses the coin flip, and then determines if that team wins or loses the game.",,"its a simple approach, but it doesnt tell us whether they won the coin flip",SUpported my learning by aggreeing that its not the most optimal way,Appeals because it tests both outcomes--both the winner of coin flip and winner of game,it backed up my assumptions on what should be the model,Great model: it covers all bases,it supported my idea for a model,3,1,2
97,"Yes, I was present and completed the NFL activity.",2,1,3,"A device that first determines if a team wins or loses the coin flip, and then determines if that team wins or loses the game. ",2,1,8,8,7,7,6,7,7,8,8,8,6,8,7,8,8,7,8,7,8,8,,It was the easiest for me to visualize the data.,"A singular device that determines the game outcome of the coin-flip winner, win or lose, sampled with replacement.",,"How it is simplistic, but it also may not give all the infromation needed for the assignment. ",It did support my learning because it gave me the percentage point for the percentage I was looking for. ,"It is simple, shows a clear difference between who won and who did not. ",It helped because it showed each outcome of the question. ,N/a,N/a,2,1,3
98,"Yes, I was present and completed the NFL activity.",3,1,2,"A singular device that determines a coin flip winner, Team A or Team B, sampled with replacement.",1,0,9,9,7,9,9,8,7,8,8,9,7,9,8,8,8,8,8,8,8,9,,I understood the question as asking for running a fair trial of a coin flip between two teams. ,"A device that first determines if a team wins or loses the coin flip, and then determines if that team wins or loses the game.",,"This sampler was appealing to me because it would show how often it was that the winner of the coin flip game, also won the actual game against the second team. It isn't appealing at the same time, because it infers that one team is winning the coin flip each time. ","Talking about device in class helped me understand that you can input mulitple spinners within the plot which allows for an individual to run a trial to see who wins the first game and based off the first game, who will win the second game, however while also being independent of the first game. ","This sampler appeals to me because both trials are independent of one another, within the plot, it looks like the game outcome is dependent on the coin toss winner, however that is not the case. What doesn't appeal to me is the way the spinners are formatted in the plot, it looks confusing, and can be easy to assume that they are dependent. ",Talking about this device supported my learning in class by understanding the way that the spinners can be formatted in the plot to be independent of one another. ,This sampler does not appeal to me because it seems like the game outcome comes before the coin flip toss which makes no sense as it's not in chronological order. ,"Talking about this device helped me understand that by displaying percentages of 50% on both win and lose sides, both sides have a fair outcome of being chosen.",2,1,3
101,"Yes, I was present and completed the NFL activity.",1,2,3,"A device that first determines if a team wins or loses the coin flip, and then determines if that team wins or loses the game. ",2,1,5,6,8,3,4,3,4,4,3,5,4,3,8,5,5,4,3,4,5,5,"Labels were different from the one we chose because we had the first spinner choose which team won the coin toss, and the second spinner chose who won the game",We wanted to know specifics about the win conditions and thus chose this model,"A device that first determines if a team wins or loses the coin flip, and then determines if that team wins or loses the game.","Again, we decided that we would have 2 spinners choosing between team 1 and team 2, one to choose who won the coinflip and one to choose who won the game.","It doesn't appeal to me that this sampler requires more interpretation than I am used to (although it only requires slightly more thought during interpretation). However, I can appreciate the fact that only one spinner is used, as that results in lower computational time and thus a faster simulation. ",It did support my learning because I initially didn't understand the logic behind this sampler. Discussion helped me realize this logic and helped me appreciate this type of sampler. ,"I like how simple it is to interpret results, but I don't like that there are 2 spinners (which may make analysis and computational time a bit longer",Talking about this device only affirmed my thoughts about this spinner as we constructed a similar type of sampler only with different names and meanings.,"Again, I like that this sampler has clearer initial results and I dont like that the 2 spinners may result in harder computational time and also some more difficulty during analysis",Talking about this device only reaffirmed my choice of sampler. It helped in a sense that it gave me a sense that I was right.,3,1,2
102,"Yes, I was present and completed the NFL activity.",3,1,2,"A singular device that determines a coin flip winner, Team A or Team B, sampled with replacement.",1,0,4,2,10,4,2,8,8,8,7,6,5,5,8,8,6,2,5,2,5,2,My initial sampler is exactly the same as the one I chose above.,"For this problem we want to see whether or not the team won coin flip has higher chance of winning, so we just need to see the team won coin flip and check are they winning or not.","A singular device that determines the game outcome of the coin-flip winner, win or lose, sampled with replacement.",The function is actually the same but I changed the name of the two sections on the spinner so it shows the status of the team won coin flip more clearly.,I like this one because it's easy to understand. But maybe it feels a little too basic and does not show much detail.,"Talking about it in class helped me understand how the coin flip relates to winning and losing, so it supported my learning.",I like this sampler because it clearly shows both the coin flip and the game result. There's nothing bad with this one for me.,"Talking about this device in class helped me see each step clearly, so it made the idea easier to understand.",I like this sampler because it shows both the coin flip and the game outcome. But maybe it's a little confusing since both spinners look very similar.,"Talking about this device in class helped me understand how the two parts connect, so it supported my learning.",1,2,3
103,"Yes, I was present and completed the NFL activity.",1,3,2,"A device that first determines if a team wins or loses the coin flip, and then determines if that team wins or loses the game. ",2,1,2,5,3,0,5,3,6,10,8,5,10,1,0,7,10,10,3,6,7,5,,This one is straightforward and explicitly displays the relation between winning a coin toss and winning the game.,"A device that first determines if a team wins or loses the coin flip, and then determines if that team wins or loses the game.",,Its simplicity appeals to me as it is much more easier than my sampler and also gave results in a more explicit way.,It helps me learn about the results and relation between winning coin tosses and winning games.,This is the one we chose for our activity. This has more flexibility compared to the previous one and the outcomes of win or lose covers all the results in a simple way.,We chose the sampler and it was the most helpful for us to learn about the distribution and p-value.,"I think this is a bit against the rational sense when sampling the game outcomes before the coin flips. However, the results are independent upon assumptions  which is indeed a proper sampler.",I did not think about this device in class.,2,1,3
104,"Yes, I was present and completed the NFL activity.",3,1,2,"A device that first determines if a team wins or loses the coin flip, and then determines if that team wins or loses the game. ",2,1,7,6,8,7,7,8,8,9,9,9,7,7,8,8,7,8,7,6,7,7,,"In this scenario, one of two equally-probable outcomes is chosen for the coin flip. Next, the winner of the overtime match is determined by one of two also equally-probable results.","A device that first determines if a team wins or loses the coin flip, and then determines if that team wins or loses the game.",,"The sampler's simplicity is its appeal, but that also may lead to results with insufficient detail.",Talking about this device reinforced my understanding of how to effectively model a coin flip in statistical software.,"This device accurately depicts the main attributes of every outcome in the scenario. However, I'd prefer to label the outcomes ""Team 1"" and ""Team 2"" to discern which team is favored for each outcome.",Talking about this device reinforced my understanding of how to link two models to simulate an experiment with multiple factors influencing the final outcome.,"This sampler includes both factors in the scenario that influence the outcome, but I disagree with the order of the devices.","Again, talking about this device helped me better understand how and why to link models in statistical software.",3,1,2
106,"Yes, I was present and completed the NFL activity.",3,2,1,"A device that first determines if a team wins or loses the coin flip, and then determines if that team wins or loses the game. ",2,1,10,8,10,10,10,10,10,9,9,9,10,10,9,9,10,10,10,9,8,10,,"Although it was possible to model the scenario with a single spinner, as a group, we collectively decided to have two spinners with different attribute names in order to make the trial outcomes clearer for us, but also for others. ","A device that first determines if a team wins or loses the coin flip, and then determines if that team wins or loses the game.",,"Immediately, the simplicity of the model appeals to me; the variable outcomes of the game winner and game loser are explicit, and the attribute title of the spinner is obvious while providing context to the scenario.","While discussing the various models in class, the answers and ideas supported my learning, as I was able to embed myself in others' perspectives and gain insights I wouldn't have initially. ",The model above is similar to the model we utilized; the distinction between the Coin_Flip and Game_Outcome spinners accounts for the condition of the coin flip and directly leads to the game outcome. ,"Discussing this model supported my learning in the classroom, as we were able to gain insights from other perspectives surrounding our model; for example, a student claimed the distinction between two spinners confused them, but in our case, it seemed clearer. ","The modeling of two distinct spinners surrounding the Game_Outcome and Coin_Flip appeals to me as it shares a quality of our model; however, having the Game_Outcome spinner to the left as opposed to the right makes it seem as though the coin is flipped after the game is over, which is false. ","It was indifferent in my case, as we already discussed the prior model with two connected spinners.",2,1,3
109,"No, I was not present, but I have worked through this activity on my own.",2,3,1,"A device that first determines if a team wins or loses the coin flip, and then determines if that team wins or loses the game. ",2,1,7,4,6,8,7,7,6,8,7,5,7,9,9,8,9,7,4,7,5,7,I added three spinner one is the coin flip and others activated based on the result of coin flip.,"To see a complete visual, I believe that the other two spinners should spin based on the coin flip result.","A device that first determines if a team wins or loses the coin flip, and then determines if that team wins or loses the game.",The secondary spinner should spin based on the result in coin flip result so there should be total 3 spinners.,This does no actually shows the researcher a explanatory visual.,.,This sampler do explain how the trials are being performed so appealling.,.,I believe that the coin flip should performed ahead because it is how real world example are being performed so this sampler doesn't appeal to me that much.,.,3,1,2
112,"Yes, I was present and completed the NFL activity.",1,2,3,"A device that first determines if a team wins or loses the coin flip, and then determines if that team wins or loses the game. ",2,1,9,8,8,8,9,7,7,9,7,6,7,7,8,8,8,9,9,8,9,9,,"The first spinner represents the outcome of the coin toss, and the second spinner represents the outcome of the game. ","A singular device that determines the game outcome of the coin-flip winner, win or lose, sampled with replacement.","Our sampler had draw 2 instead of 1, and the options were team 1 and team 2 instead of win/lose","Appealing because it is simple, but unappealing because it does not correctly model the situation (only draw 1 instead of draw 2)","Talking about this in class helped me see other options, both good and bad","I like this sampler, and it is the one that I initially thought to use. The only thing that I find unappealing is that it unnecessarily has two spinners. ",Talking about it in class confirmed that it is a possible way to model the situation. ,"This is basically the same thing as the previous sampler, just with the order of the the spinners switched. This is odd because it doesn't match the order the events would occur in real life (the coin flip would happen before the final outcome of the game) but this order does not make any difference in this specific model, and it functions the same way as the previous sampler. ",I don't remember talking about this device in class. ,3,1,2
113,"Yes, I was present and completed the NFL activity.",3,1,2,"A device that first determines if a team wins or loses the coin flip, and then determines if that team wins or loses the game. ",2,1,7,7,7,6,6,6,8,8,7,6,4,8,6,8,9,5,7,9,7,7,"Instead of labelling the outcomes as ""Win"" or ""Lose,"" I entered them as ""Team A"" and ""Team B"" for more specificity on the outcome of the coin flip and game results.",Easier to distinguish the outcome of the two events,"A device that first determines if a team wins or loses the coin flip, and then determines if that team wins or loses the game.","Same response as earlier. If I label both 50/50% spinners with ""Team A"" and ""Team B,"" it's much easier to determine the actual result of both trials.","Correct probabilities, but it needs to be labelled with ""Team A"" and ""Team B"" in order to specify what the outcome of the coin flip is.","Just like last week, always good practice setting up and experimenting with the sampler project.","I swear I already answered this....but the series of two samplers 50/50% samplers is a good idea, but they need to have ""Team A"" or ""Team B"" instead in order to specify the outcome of both the coin flip and the game result.","Did not, since we already learned how to set up the sampler.",The coin flip sampler should be in front of the game outcome one. Also the run speed for the samplers should be as fast as possible.,Nothing more to add that hasn't already been inputted into this form.,3,1,2
116,"Yes, I was present and completed the NFL activity.",2,1,3,"A device that first determines if a team wins or loses the coin flip, and then determines if that team wins or loses the game. ",2,1,6,5,8,9,3,3,2,5,3,3,3,6,7,3,6,6,4,6,8,6,,Each spinner can represent a situation where one coin represents a situation and one coin represents the result of the game. This is clear to interpret the result.,"A device that first determines if a team wins or loses the coin flip, and then determines if that team wins or loses the game.",,"It shows clearly the meaning of each option in the spinner. However, it does not show the probability for each case.",It helps me to understand more about how to improve it and gain a deeper understanding of the spinner.,"It is clearly shown for two results, where one represents the coin and the other represents the game outcome, with both meaning and probability. However, we cannot know whether it is team 1 or team 2.",Different representations might have the same meaning but different understandings of the process. I learned that we can consider the same process from different perspectives.,"It also clearly shows the cases with probability and understandable notes. However, I prefer to keep the graph the same as the process in the game, which means first do the coin flip and then do the win and lose, so that it better explains whether the coin flip will affect the result of the game.",It helps me to understand that the sequence of the spinner is significant to the interpretation of the process that needs to be aligned with what we want.,2,1,3
118,"Yes, I was present and completed the NFL activity.",2,3,1,"A singular device that determines a coin flip winner, Team A or Team B, sampled with replacement.",1,0,7,7,8,7,7,7,7,10,7,7,7,5,4,7,7,7,4,4,3,4,I put two spinners instead of one. One spinner with team names as the labels determines which team wins the coin flip and the other spinner with team names as the labels determines which team wins the game.,"Since advantages are given to neither side by the coin flip, which team wins the game seems to be independent of which team wins the coin flip. Thus, I put two spinners as two independent events and the proportion of games when the two spinners show the same team is the target of investigation.","A device that first determines if a team wins or loses the game, and then determines if that team wins or loses the coin flip. ",I put two spinners: one with team names as the labels determines which team wins the coin flip; another with team names as the labels determines which team wins the game.,The sampler is simple but it doesn't align with the target because our target is to get the proportion of games that the team that wins the coin flip also wins the game.,"Even though the outcome of this sampler would be similar to a sampler that properly get the proportion of games that the team that wins the coin flip also wins the game, to use this sampler, one has to clearly know that this sampler works because the probability of having one team wins both the coin flip and the game is the same as getting a teams fails the coin flip but wins the game.","This sampler clearly distinguishes the coin flip and the game but, when dealing with the outcome table, it has to be known that having a team losing the coin flip and losing the game is the same as having the other team winning the coin flip and winning the game or having a team losing the coin flip and winning the game is the same as having the other team winning the coin flip and losing the game.",This device functions correctly in correspondence to the situation and it helps me to distinguish some overlapping cases and rings the bell for me.,This device is also aligned with the overtime rule even though the logic behind it looks counterintuitive by determining which team wins the game before determining which team wins the coin flip.,This device is very similar to previous one and solidifies my idea that which team will win the coin flip is independent of which team will win the games by the assumption that coin flipping winning won't give an advantage to the winner in the game.,3,1,2
119,"Yes, I was present and completed the NFL activity.",1,2,3,"A device that first determines if a team wins or loses the coin flip, and then determines if that team wins or loses the game. ",2,1,#N/A,#N/A,#N/A,#N/A,#N/A,#N/A,#N/A,#N/A,#N/A,#N/A,#N/A,#N/A,#N/A,#N/A,#N/A,#N/A,#N/A,#N/A,#N/A,#N/A,,first seeing who won the toss then seeing if winning the toss has a relationship with who won the game,"A device that first determines if a team wins or loses the coin flip, and then determines if that team wins or loses the game.","mine was first a coinflip that determined who won the toss, then depending on if it was team 1 or team 2, it would go to a different spinner that was 50/50 and determined who won the game.","simple to understand, but doesn't offer a lot of reasons for why the team would win the game",liked hearing how others came to this conclusion,i like how it has two spinners and we can see if winning the coin toss has an impact on winning the game,it's nice seeing a possible solution be something you were working on,"not sure why the game outcome comes before the coin flip
",liked hearing how others came to this conclusion,3,1,2
120,"Yes, I was present and completed the NFL activity.",1,2,3,"A singular device that determines a coin flip winner, Team A or Team B, sampled with replacement.",1,0,10,10,10,10,10,8,10,9,7,10,10,10,10,9,10,10,10,10,10,10,,It is a simple sampler device for immitating the context of winning the game after winning the coin flip.,"A device that first determines if a team wins or loses the coin flip, and then determines if that team wins or loses the game.",Our sampler has two wheel in the second branch because we think it can provide us with a more adequate combination of samples. ,"This sampler is really concise. However, it lacks a various combination of results and it cannot directly get the chance of any results with the pre-requisite ""being a coin flip loser.""",It support my learning in class by giving me the shortcut of solving the problem while it kind of lost the precision of data. ,It perfectly mimic the process of flipping a coin first and then determine the winer. There is no point that it doesn't appeal to me. ,It support my learning by giving me the most precise simulation of the whole process. ,"It also have the two step process of flipping the coin. However, it doesn't appeal to me by twisting the order of ",I don't think talking about this device support my learning in class because it is not simulating the right procedure.,2,1,3
122,"Yes, I was present and completed the NFL activity.",3,1,2,"A device that first determines if a team wins or loses the coin flip, and then determines if that team wins or loses the game. ",2,1,7,7,7,5,6,5,6,6,7,8,5,8,6,5,6,8,6,8,6,6,,"I choose the first one because it is the easiest spinner to build, but the third one is the one we can directly see the connection between the outcome of coin toss and the result of the competition.","A singular device that determines the game outcome of the coin-flip winner, win or lose, sampled with replacement.",,"I think we can have the result we want upon this spinner, but if we are not the person who build this spinner, we might not know what it represents.","The same as the answer above. Also, we cannot see the accurate details of the football games.","There are two spinners, so we can see the outcome directly from the table. While compare with the last one spinner, this is a little bit complex.","Also, the same as the answer above.",The order of the two-spinner change. We can still have the results.,"Because of the order, this represents the team which win/lose the game have a win/lose results of the coin toss. A little bit different in the process, but we can have the same answer.",1,2,3
123,"Yes, I was present and completed the NFL activity.",2,1,3,"A device that first determines if a team wins or loses the coin flip, and then determines if that team wins or loses the game. ",2,1,7,7,7,7,6,8,6,6,7,8,7,7,6,7,7,7,7,8,8,7,,"My chosen sampler made the most sense to me since I viewed the problem in terms of first the coin flip and then that result going into whether team 1 or team 2 won. Due to that, I created two spinners to match what I envisioned in my mind with the two steps I broke down the problem into.","A device that first determines if a team wins or loses the coin flip, and then determines if that team wins or loses the game.",,"It only has one spinner which is simplistic and makes sense to me. Yet, in my mind I still view the two steps of first the coin flip and then the teams winning or losing so I still prefer the two spinners.","It helped me understand that this problem is actually pretty simplistic and because we only care about whether the team that won the coin flips wins or loses, we can use one spinner and not two.",This was my device that I used so it appeals to me since this is exactly what I envisioned and matches what I thought would have to be done; first the coin flip then the game outcome for the team.,It helped me realize other people thought the same as me and basically let me know I was on the right track.,The two spinners is like the previous device but the fact that game outcome is first and not the coinflip is a bit tricky to me and would confuse me a little bit.,I don't remember talking much about this specific variation of this device so it didn't support my learning.,2,1,3
128,"Yes, I was present and completed the NFL activity.",2,1,3,"A singular device that determines the game outcome of the coin-flip winner, win or lose, sampled with replacement.",3,0,7,7,6,6,6,7,5,4,7,6,6,6,7,7,7,7,7,6,6,7,almost the same,"since the group who won the coin game won the whole stuff, a spiner with only two choice is enough","A singular device that determines the game outcome of the coin-flip winner, win or lose, sampled with replacement.",,its easy to see but too simple,helped me connect the abstract idea of probability to a clear visual example,"I like that this sampler shows two connected stages of probability, but it feels a bit repetitive since both stages are just 50/50 outcomes.",it helped me to see how compound effect can cause different result,its connected two states but a little bit competitive,it help me to understand compound effect,1,2,3
130,"Yes, I was present and completed the NFL activity.",3,2,1,"A singular device that determines a coin flip winner, Team A or Team B, sampled with replacement.",1,0,8,10,10,10,10,10,10,10,10,10,10,10,10,10,10,9,10,10,8,10,,I think coin flip can be determined without a spinning wheel as it doesn't matter to do a spinner on whether one wins the coin flip in the question. ,"A device that first determines if a team wins or loses the coin flip, and then determines if that team wins or loses the game.",,"Its very concise, and easy to understand.","I believed it is best while my partner doesn't, hearing the prof ascertaining the plausibility assured my thoughts.
","Its the same the previous one, but unnecessary with a spinner on coin flip.","Since it is eventually going to merge into win-win and win-lose, I think it makes the process lengthier. But it is still a good interpretation for people to understand verbally the question.",I did not understand the logic of having a game first then coin flip.,I thought this one is not talked in class.,1,2,3
132,"Yes, I was present and completed the NFL activity.",3,2,1,"A singular device that determines a coin flip winner, Team A or Team B, sampled with replacement.",1,0,8,8,9,9,7,9,9,8,9,8,8,7,8,8,8,7,10,7,7,8,Same,Same,"A singular device that determines the game outcome of the coin-flip winner, win or lose, sampled with replacement.",N/A,Nothing,Nothing,Nothing,Nothing,Nothing,Nothing,1,3,2
133,"Yes, I was present and completed the NFL activity.",3,1,2,"A device that first determines if a team wins or loses the coin flip, and then determines if that team wins or loses the game. ",2,1,8,8,9,7,5,8,9,7,8,7,7,7,7,7,7,8,8,9,7,8,,I think it's basically based on how I think about the problem.,"A device that first determines if a team wins or loses the coin flip, and then determines if that team wins or loses the game.",,"It's not detailed enough to consider the following game result. Also, not clear to see the result data.",This shows another method which I initially thought could not work well.,,,,,,,
134,"Yes, I was present and completed the NFL activity.",1,2,3,"A device that first determines if a team wins or loses the coin flip, and then determines if that team wins or loses the game. ",2,1,8,5,9,9,6,10,9,9,10,9,9,10,10,9,9,9,8,8,9,5,We actually use team a and team b to label the sections of  spins,"Before the game, they will toss the coin to decide the winner of the coin flip, then they will compete to decide the winner of the game. My sampler will keep track of the winner of each step.","A device that first determines if a team wins or loses the coin flip, and then determines if that team wins or loses the game.",,"It's really clear and simple. However, it didn't really simulate the whole process.","It did support it. I makes to think how my sampler can be simplified just in order to get the interest variable, and exclude unnecessary information.","It's pretty nice at simulating the process. However, it includes some unnecessary information, and it can somehow be simplified.",It's actually the method I came up with at first.,"It do include important information, but it shifted the sequence of game and coin flip, which makes it pretty weird.","It probably didn't support, because I didn't really remember that we have talked about it.",1,2,3